,user_id,food_ids
0,1,"['milk', 'muffin', 'quest_bar', 'protein_bar', 'protein_bar', 'biscuit']"
1,1,"['milk', 'biscuit']"
2,1,"['steamed', 'milk', 'chocolate', 'biscuit', 'lime']"
3,1,"['milk', 'biscuit', 'chocolate', 'espresso', 'apple_cider', 'spaghetti']"
4,1,"['milk', 'protein_bar', 'eye_fillet', 'biscuit', 'chocolate']"
5,1,"['steamed', 'milk', 'biscuit', 'protein_bar', 'shrimp']"
6,1,"['milk', 'muffin', 'quest_bar', 'protein_bar', 'biscuit', 'lime', 'eye_fillet', 'berry', 'cheese', 'bread']"
7,1,"['milk', 'protein_bar', 'biscuit', 'lime', 'chocolate', 'bread', 'boiled', 'chicken']"
8,1,"['milk', 'protein_bar', 'biscuit', 'lime', 'chocolate', 'eye_fillet']"
9,1,"['bread', 'quest_bar', 'cupcake', 'laksa', 'chocolate']"
10,1,"['chocolate', 'quest_bar', 'eye_fillet', 'lime']"
11,1,"['cheese', 'chocolate', 'quest_bar', 'sausage', 'sandwich']"
12,1,"['chocolate', 'quest_bar', 'eye_fillet', 'lime']"
13,1,"['quest_bar', 'lime']"
14,1,"['quest_bar', 'lime', 'chocolate', 'budweiser', 'bun', 'chocolate', 'peanut']"
15,1,"['quest_bar', 'lime', 'chocolate', 'peanut', 'beer', 'wrap']"
16,1,"['protein_bar', 'lime', 'chocolate', 'eye_fillet', 'chocolate', 'peanut', 'lager']"
17,1,"['protein_bar', 'lime', 'chocolate', 'eye_fillet', 'chocolate', 'peanut']"
18,1,"['asparagus', 'salad', 'grilled', 'clam', 'chicken', 'cupcake', 'beer', 'spinach']"
19,1,"['salad', 'quest_bar', 'coors', 'burrito', 'wing', 'protein_bar', 'chocolate']"
20,1,"['corn', 'chocolate', 'quest_bar', 'lime']"
21,1,"['milk', 'protein_bar', 'biscuit', 'steamed', 'peanut_butter', 'bread', 'chocolate']"
22,1,"['milk', 'biscuit', 'peanut_butter', 'eye_fillet', 'bread', 'chocolate']"
23,1,"['milk', 'biscuit', 'lime', 'chocolate', 'strawberry', 'eye_fillet']"
24,1,"['milk', 'biscuit', 'peanut_butter', 'eye_fillet', 'bread', 'chocolate']"
25,1,"['milk', 'muffin', 'quest_bar', 'protein_bar', 'protein_bar', 'biscuit', 'steamed', 'eye_fillet']"
26,1,"['milk', 'protein_bar', 'biscuit', 'lime', 'chocolate', 'lamb', 'salad', 'snicker', 'bread']"
27,1,"['milk', 'muffin', 'quest_bar', 'biscuit', 'chocolate', 'sour_cream']"
28,1,"['milk', 'muffin', 'biscuit', 'lime', 'chocolate', 'wrap']"
29,1,"['milk', 'biscuit', 'sandwich']"
30,1,"['milk', 'protein_bar', 'biscuit', 'lime', 'peanut_butter', 'spaghetti', 'bread', 'chocolate']"
31,1,"['milk', 'protein_bar', 'biscuit', 'bread', 'steamed', 'peanut_butter', 'apple_pie', 'quest_bar']"
32,1,"['milk', 'bread', 'protein_bar', 'biscuit', 'lime', 'peanut_butter', 'eye_fillet', 'berry', 'apple_pie', 'quest_bar', 'syrup']"
33,1,"['bread', 'protein_bar', 'lime', 'peanut_butter', 'apple_pie', 'quest_bar', 'syrup', 'spinach', 'poached', 'drumstick']"
34,1,"['peanut_butter', 'syrup', 'protein_bar', 'sandwich', 'bread']"
35,1,"['milk', 'biscuit']"
36,1,"['milk', 'biscuit', 'cheese', 'bread', 'chicken', 'mayonnaise']"
37,1,"['milk', 'biscuit', 'chocolate']"
38,1,"['peanut_butter', 'chocolate', 'bread', 'biscuit', 'milk']"
39,1,"['cheese', 'steamed', 'bread', 'quest_bar']"
40,1,"['milk', 'biscuit', 'lime', 'salad', 'apple_pie', 'bread', 'fish']"
41,1,"['milk', 'biscuit', 'wrap', 'sour_cream']"
42,1,"['milk', 'chocolate', 'biscuit', 'lime']"
43,1,"['milk', 'biscuit', 'sausage']"
44,1,"['milk', 'biscuit', 'chocolate', 'apple_pie', 'bread', 'sausage']"
45,1,['milk_chocolate']
46,1,"['apple_cider', 'espresso', 'fried', 'braised', 'milk_chocolate']"
47,1,"['apple_cider', 'eye_fillet', 'sour_cream', 'milk_chocolate', 'potato', 'oat']"
48,1,['oat']
49,1,"['milk', 'biscuit', 'lime', 'chocolate', 'lamb', 'bread', 'potato', 'broccoli']"
50,1,"['chocolate', 'wrap', 'sour_cream']"
51,1,"['milk', 'wrap', 'biscuit', 'lime']"
52,1,"['milk', 'milk_chocolate', 'chocolate', 'biscuit', 'lime']"
53,1,"['fruit', 'milk', 'protein_bar', 'biscuit', 'bread', 'peanut_butter', 'quest_bar']"
54,1,"['prawn', 'salad', 'eye_fillet', 'bread', 'sausage', 'potato']"
55,1,"['milk', 'bread', 'biscuit', 'apple_pie', 'peanut_butter', 'lime', 'cheese', 'quest_bar']"
56,1,"['apple_pie', 'peanut_butter', 'bread', 'eye_fillet', 'quest_bar']"
57,1,"['bread', 'lime', 'peanut_butter', 'eye_fillet', 'apple_pie', 'quest_bar', 'chocolate', 'sausage']"
58,1,"['apple_pie', 'peanut_butter', 'pork', 'bread', 'quest_bar']"
59,1,"['peanut_butter', 'banana', 'eye_fillet', 'bread']"
60,1,"['chocolate', 'quest_bar', 'chocolate']"
61,1,"['cheese', 'peanut_butter', 'chocolate', 'bread']"
62,1,"['peanut_butter', 'quest_bar', 'chocolate']"
63,1,"['milk', 'quest_bar', 'cereal', 'peanut_butter', 'salad', 'eye_fillet', 'bread', 'drumstick', 'sausage', 'potato']"
64,1,"['peanut_butter', 'quest_bar', 'chocolate', 'baked_bean', 'chocolate']"
65,1,"['peanut_butter', 'strawberry', 'chocolate', 'nectarine']"
66,1,"['quest_bar', 'chocolate', 'coffee_mate', 'quest_bar', 'peanut_butter', 'chocolate']"
67,1,"['coffee_mate', 'peanut_butter', 'cooky', 'raspberry', 'chocolate']"
68,1,"['chocolate', 'coffee_mate', 'peanut_butter', 'raspberry', 'pig', 'oyster', 'beer', 'potato']"
69,1,"['quest_bar', 'quest_bar', 'raspberry', 'shrimp', 'bread', 'fried', 'chocolate']"
70,1,"['peanut', 'peanut_butter', 'chocolate', 'chocolate', 'lucozade_sport']"
71,1,"['quest_bar', 'quest_bar', 'eye_fillet', 'lucozade_sport', 'peanut_butter', 'chocolate', 'beer']"
72,1,"['quest_bar', 'chocolate', 'peanut_butter', 'lucozade_sport', 'apple', 'peanut', 'chocolate']"
73,1,"['quest_bar', 'chocolate', 'peanut_butter', 'lucozade_sport', 'peanut', 'chocolate']"
74,1,"['pork', 'quest_bar', 'chocolate', 'peanut_butter', 'lucozade_sport', 'chocolate']"
75,1,"['peanut_butter', 'pretzel', 'lamb', 'bread']"
76,1,"['quest_bar', 'peanut_butter', 'lamb', 'chicken', 'sourdough', 'bread', 'sausage']"
77,1,"['milk', 'cereal', 'lime', 'chocolate', 'salad', 'chicken', 'salad', 'baked']"
78,1,"['lime', 'chocolate', 'raspberry', 'biscuit', 'calamari', 'lemon', 'protein_bar']"
79,1,"['biscuit', 'chocolate', 'lamb', 'eye_fillet', 'cheese', 'protein_bar']"
80,1,"['milk', 'sausage', 'muffin', 'cereal', 'chocolate']"
81,1,"['cheese', 'milk', 'cereal', 'biscuit', 'muffin']"
82,1,"['chocolate', 'apple_cider', 'baked_bean']"
83,1,"['milk', 'cereal', 'baked_bean', 'lime', 'chocolate', 'raspberry', 'sausage', 'lemon']"
84,1,['lime']
85,1,"['milk', 'chocolate', 'cereal', 'sour_cream', 'lime']"
86,1,"['espresso', 'beer', 'eye_fillet', 'sandwich', 'lime']"
87,1,"['milk', 'chocolate', 'wrap', 'cereal', 'lime']"
88,1,"['milk', 'chocolate', 'wrap', 'cereal', 'lime']"
89,1,"['milk', 'cereal', 'lime', 'chocolate', 'milk_chocolate', 'wrap']"
90,1,"['raspberry', 'lime', 'nectarine', 'spaghetti', 'bread', 'lemon', 'protein_bar', 'vanilla']"
91,1,['chocolate']
92,1,"['peanut_butter', 'bread', 'cereal', 'milk']"
93,1,"['turkey', 'milk', 'popcorn', 'cereal', 'lime']"
94,1,"['fruit', 'milk', 'cereal', 'lime', 'peanut_butter', 'turkey', 'bread']"
95,1,"['lime', 'peanut_butter', 'raspberry', 'bread', 'lemon', 'protein_bar']"
96,1,"['milk', 'lamb', 'bread', 'cereal', 'lime']"
97,1,"['milk', 'eye_fillet', 'cereal', 'lime']"
98,1,"['milk', 'cereal', 'lime', 'peanut_butter', 'bread', 'chocolate', 'sausage']"
99,1,"['milk', 'corona', 'banana', 'popcorn', 'cereal', 'lime', 'chocolate', 'sausage']"
100,1,"['milk', 'raspberry', 'cereal', 'lime', 'chocolate', 'nectarine', 'eye_fillet', 'salad', 'sausage', 'lemon']"
101,1,"['milk', 'cereal', 'nectarine', 'peanut_butter', 'cheese', 'bread', 'sausage']"
102,1,"['milk', 'banana', 'cereal', 'lime', 'peanut_butter', 'nectarine', 'bread', 'chocolate', 'protein_bar']"
103,1,"['milk', 'cereal', 'lime', 'peanut_butter', 'raspberry', 'bread', 'chocolate', 'lemon']"
104,1,"['milk', 'cereal', 'biscuit', 'chocolate', 'chicken', 'protein_bar']"
105,1,"['milk', 'biscuit', 'baked_bean', 'lime', 'chocolate', 'raspberry', 'chicken', 'lemon']"
106,1,"['milk', 'pasta', 'biscuit', 'lime', 'chocolate', 'nectarine', 'sour_cream', 'chicken']"
107,1,"['milk', 'cereal', 'lime', 'chocolate', 'lemon', 'beer']"
108,1,"['milk', 'raspberry', 'protein_bar', 'biscuit', 'sour_cream']"
109,1,"['milk', 'lemon', 'chocolate', 'biscuit', 'lime']"
110,1,"['milk', 'biscuit', 'lime', 'raspberry', 'protein_bar', 'wrap']"
111,1,"['milk', 'lemon', 'raspberry', 'biscuit', 'chocolate']"
112,1,"['milk', 'biscuit', 'lime', 'chocolate', 'nectarine', 'lemon', 'protein_bar']"
113,1,"['milk', 'banana', 'biscuit', 'nectarine', 'chocolate', 'raspberry', 'protein_bar', 'wrap']"
114,1,"['lime', 'apple', 'banana', 'chocolate', 'nectarine']"
115,1,"['peanut_butter', 'raspberry', 'eye_fillet', 'cheese', 'bread', 'sausage', 'protein_bar']"
116,1,"['sandwich', 'lime', 'peanut_butter', 'cheese', 'bread', 'sausage']"
117,1,"['milk', 'biscuit', 'quest_bar', 'quest_bar']"
118,1,"['milk', 'banana', 'protein_bar', 'biscuit', 'eye_fillet', 'apple']"
119,1,"['milk', 'quest_bar', 'lime', 'chocolate', 'lamb', 'eye_fillet', 'oat']"
120,1,"['milk', 'raspberry', 'bread', 'quest_bar', 'quest_bar', 'lime', 'peanut_butter', 'lamb', 'apple', 'oat']"
121,1,"['milk', 'quest_bar', 'biscuit', 'sour_cream', 'apple', 'quest_bar']"
122,1,"['milk', 'quest_bar', 'quest_bar', 'oat', 'chocolate', 'raspberry']"
123,1,"['milk', 'quest_bar', 'quest_bar', 'lime', 'mint', 'raspberry', 'biscuit']"
124,1,"['milk', 'biscuit', 'apple_pie', 'quest_bar', 'raspberry', 'cheese', 'bread']"
125,1,"['milk', 'chocolate', 'quest_bar', 'lime', 'quest_bar', 'grape', 'raspberry', 'oat']"
126,1,"['milk', 'quest_bar', 'oat', 'lime', 'apple_pie', 'chicken']"
127,1,"['milk', 'chocolate', 'biscuit', 'lime', 'peanut_butter', 'biscuit', 'quest_bar']"
128,1,"['coffee_mate', 'chocolate', 'raspberry', 'quest_bar', 'chocolate']"
129,1,"['coffee_mate', 'quest_bar', 'raspberry', 'quest_bar', 'chocolate']"
130,1,"['coffee_mate', 'apple_pie', 'raspberry', 'chocolate', 'quest_bar']"
131,1,"['peanut', 'quest_bar', 'raspberry', 'chocolate', 'chocolate']"
132,1,"['apple_pie', 'quest_bar', 'raspberry', 'lucozade_sport', 'peanut', 'chocolate']"
133,1,"['quest_bar', 'quest_bar', 'raspberry', 'broccoli', 'lucozade_sport', 'chocolate']"
134,1,"['quest_bar', 'raspberry', 'quest_bar', 'chocolate', 'lucozade_sport']"
135,1,"['quest_bar', 'raspberry', 'chocolate', 'lucozade_sport']"
136,1,"['biscuit', 'quest_bar', 'raspberry', 'lucozade_sport', 'apple_pie', 'chocolate']"
137,1,"['quest_bar', 'raspberry', 'quest_bar']"
138,1,"['milk', 'chocolate', 'biscuit', 'lime', 'peanut_butter', 'potato', 'apple_pie', 'bread', 'chicken']"
139,1,"['milk', 'protein_bar', 'biscuit', 'peanut_butter', 'eye_fillet', 'bread', 'chocolate', 'sausage']"
140,1,"['milk', 'biscuit']"
141,1,"['peanut_butter', 'chicken', 'bread', 'biscuit', 'milk']"
142,1,"['milk', 'chocolate', 'biscuit', 'lime', 'chocolate', 'orange', 'boiled', 'apple_pie']"
143,1,"['milk', 'chocolate', 'biscuit', 'boiled']"
144,1,"['milk', 'biscuit', 'lime', 'eye_fillet', 'apple_pie', 'bread', 'poached']"
145,1,"['milk', 'banana', 'chocolate', 'biscuit', 'lime', 'peanut_butter', 'lamb', 'orange', 'bread', 'quest_bar', 'chocolate', 'potato']"
146,1,"['milk', 'chocolate', 'biscuit', 'lime', 'peanut_butter', 'eye_fillet', 'boiled', 'bread', 'chocolate']"
147,1,"['milk', 'biscuit', 'peanut_butter', 'spaghetti', 'bread', 'sausage', 'protein_bar']"
148,1,"['lorraine', 'milk', 'chicken', 'biscuit', 'lime']"
149,1,"['lorraine', 'milk', 'biscuit', 'chocolate']"
150,1,"['milk', 'quest_bar', 'biscuit', 'lime', 'peanut_butter', 'lorraine', 'bread', 'chicken', 'chocolate']"
151,1,"['milk', 'biscuit', 'lime', 'chocolate', 'raspberry', 'boiled', 'croissant']"
152,1,"['chocolate', 'raspberry', 'quest_bar', 'wrap', 'sour_cream']"
153,1,"['quest_bar', 'lime', 'chocolate', 'eye_fillet', 'bread', 'protein_bar']"
154,1,"['raspberry', 'salad', 'protein_bar']"
155,1,"['milk', 'quest_bar', 'biscuit', 'lime', 'chocolate', 'raspberry', 'wrap']"
156,1,"['milk', 'biscuit', 'lime', 'chocolate', 'raspberry', 'protein_bar', 'wrap']"
157,1,"['milk', 'quest_bar', 'biscuit', 'lime', 'chocolate', 'protein_bar', 'wrap']"
158,1,"['quest_bar', 'bread', 'peanut_butter', 'raspberry', 'croissant', 'lasagne', 'protein_bar']"
159,1,"['quest_bar', 'lime', 'peanut_butter', 'lamb', 'bread', 'raspberry', 'lasagne', 'ice_cream', 'protein_bar', 'broccoli']"
160,1,"['peanut_butter', 'lamb', 'bread', 'biscuit', 'milk']"
161,1,"['milk', 'biscuit', 'peanut_butter', 'lamb', 'bread', 'lasagne']"
162,1,"['milk', 'biscuit', 'lime', 'peanut_butter', 'raspberry', 'eye_fillet', 'bread', 'chocolate']"
163,1,"['milk', 'chocolate', 'biscuit', 'quest_bar']"
164,2,"['sauce', 'pea']"
165,2,"['bread', 'tomato']"
166,2,"['mocha', 'skimmed', 'vegetable']"
167,2,"['bread', 'peanut_butter']"
168,2,"['bread', 'onion']"
169,2,"['vegetable', 'wedge']"
170,2,"['mocha', 'skimmed', 'banana', 'carrot']"
171,2,"['hot_chocolate', 'strawberry']"
172,2,"['margarine', 'bread', 'baked_bean']"
173,2,['bread']
174,2,"['marmite', 'peanut_butter', 'bread', 'chicken', 'mocha', 'skimmed']"
175,2,"['bread', 'lentil']"
176,2,"['bread', 'tomato_sauce']"
177,2,['bread']
178,2,"['mocha', 'marmite', 'fudge', 'bread', 'skimmed']"
179,2,"['bread', 'tomato_sauce']"
180,2,"['bread', 'marmite']"
181,2,"['burger', 'carrot', 'vegetable', 'onion', 'boiled']"
182,2,"['cheese', 'skimmed', 'coconut', 'mocha', 'bread']"
183,2,"['bread', 'wedge', 'sausage']"
184,2,"['carrot', 'chicken', 'mint_sauce', 'onion', 'boiled']"
185,2,"['mocha', 'peanut_butter', 'bread', 'cheddar_cheese', 'skimmed']"
186,2,"['potato', 'tomato', 'lettuce']"
187,2,['bread']
188,2,"['banana', 'fudge', 'oat', 'chicken', 'mocha', 'skimmed']"
189,2,"['bread', 'baked_bean']"
190,2,"['burger', 'corn', 'swede', 'onion', 'boiled']"
191,2,"['skimmed', 'vanilla', 'bread']"
192,2,"['bread', 'soup']"
193,2,"['carrot', 'baked_potato']"
194,2,"['marmite', 'bread']"
195,2,"['fudge', 'chocolate', 'apple', 'sunflower_seed', 'coconut_cake', 'skimmed']"
196,2,"['hot_chocolate', 'strawberry']"
197,2,"['bread', 'tomato_sauce', 'baked_bean']"
198,2,"['vegetable', 'bread']"
199,2,['skimmed']
200,2,['potato']
201,2,"['cabbage', 'chicken', 'mint_sauce', 'onion', 'boiled']"
202,2,"['skimmed', 'milk_chocolate', 'sausage']"
203,2,['vegetable']
204,2,['vegetable']
205,2,"['skimmed', 'scone']"
206,2,"['tomato', 'salad', 'rice']"
207,2,"['tomato', 'rice']"
208,2,"['rice', 'skimmed', 'scone', 'chocolate']"
209,2,['banana']
210,2,"['cabbage', 'mint_sauce', 'carrot', 'onion']"
211,2,"['chicken', 'vegetable']"
212,2,"['mocha', 'skimmed', 'custard', 'fudge']"
213,2,['bread']
214,2,"['cabbage', 'swede', 'melt', 'mint_sauce', 'boiled']"
215,2,"['mocha', 'marmite', 'bread', 'egg', 'skimmed']"
216,2,"['bread', 'peanut_butter']"
217,2,['baked_potato']
218,2,"['chicken', 'vegetable']"
219,2,"['mocha', 'skimmed', 'vanilla', 'egg']"
220,2,['vegetable']
221,2,"['potato', 'carrot', 'cabbage', 'vegetable', 'boiled']"
222,2,"['mocha', 'skimmed', 'egg', 'banana']"
223,2,"['hot_chocolate', 'bun']"
224,2,"['bread', 'bread', 'baked_bean', 'ketchup']"
225,2,"['chicken', 'vegetable']"
226,2,"['skimmed', 'milk_chocolate', 'biscuit', 'sunflower_seed']"
227,2,"['bread', 'vegetable']"
228,2,"['corn', 'bread', 'tomato']"
229,2,"['marmite', 'sunflower_seed', 'bread', 'skimmed']"
230,2,['banana']
231,2,"['wedge', 'carrot', 'onion']"
232,2,"['peanut_butter', 'bread']"
233,2,"['mocha', 'skimmed', 'fudge']"
234,2,"['burger', 'wedge', 'onion']"
235,2,['bread']
236,2,"['biscuit', 'chocolate', 'pasta', 'chocolate_ball', 'onion', 'mocha', 'skimmed']"
237,2,['banana']
238,2,"['potato', 'salad']"
239,2,['rice']
240,2,"['chocolate', 'skimmed']"
241,2,['banana']
242,2,"['potato', 'chicken', 'carrot', 'onion']"
243,2,['vegetable']
244,2,"['mocha', 'skimmed', 'milk_chocolate', 'milk_chocolate']"
245,2,"['hot_chocolate', 'strawberry']"
246,2,"['bread', 'bread', 'baked_bean', 'ketchup']"
247,2,"['chicken', 'vegetable']"
248,2,"['skimmed', 'nut', 'bread']"
249,2,['banana']
250,2,"['lentil', 'chicken']"
251,2,"['potato', 'carrot', 'boiled']"
252,2,"['mocha', 'peanut_butter', 'bread', 'skimmed']"
253,2,"['melt', 'potato_chip']"
254,2,['vegetable']
255,2,"['marmite', 'apple', 'bread', 'fudge', 'mocha', 'skimmed']"
256,2,['banana']
257,2,"['wedge', 'carrot', 'onion']"
258,2,"['potato', 'swede']"
259,2,"['cheese', 'chocolate', 'nut', 'skimmed']"
260,2,"['vegetable', 'bread']"
261,2,"['ketchup', 'bread']"
262,2,"['mocha', 'vegetable']"
263,2,"['chocolate', 'skimmed', 'bread', 'marmite']"
264,2,"['cheese', 'banana']"
265,2,"['bread', 'tomato']"
266,2,"['carrot', 'chicken', 'vegetable', 'boiled']"
267,2,"['mocha', 'skimmed', 'milk_chocolate']"
268,2,['banana']
269,2,"['corn', 'chicken', 'swede']"
270,2,['vegetable']
271,2,"['skimmed', 'nut', 'coconut', 'sunflower_seed']"
272,2,"['hot_chocolate', 'strawberry']"
273,2,"['bread', 'bread', 'tomato', 'baked_bean']"
274,2,"['cheese', 'marmite', 'bread']"
275,2,"['chocolate', 'skimmed']"
276,2,"['potato', 'bun']"
277,2,"['marmite', 'bread', 'skimmed']"
278,2,"['peanut_butter', 'bread']"
279,2,"['cappuccino', 'potato']"
280,2,['noodle']
281,2,"['fudge', 'ketchup', 'potato', 'nut', 'chocolate', 'skimmed', 'cream', 'milk_chocolate', 'orange', 'onion', 'hot_chocolate']"
282,2,"['cheese', 'marmite', 'baked_bean']"
283,2,['onion']
284,2,"['carrot', 'chicken', 'vegetable', 'onion', 'boiled']"
285,2,"['skimmed', 'yoghurt', 'biscuit']"
286,2,['banana']
287,2,['vegetable']
288,2,"['vegetable', 'bread']"
289,2,"['fudge', 'chocolate', 'bread', 'peanut_butter', 'mocha', 'skimmed', 'orange', 'raspberry']"
290,2,['potato']
291,2,"['burger', 'cappuccino']"
292,2,"['mocha', 'skimmed', 'nut']"
293,2,['banana']
294,2,"['bread', 'onion']"
295,2,"['cappuccino', 'vegetable']"
296,2,"['mocha', 'skimmed', 'onion']"
297,2,"['hot_chocolate', 'strawberry']"
298,2,"['bread', 'bread', 'tomato', 'baked_bean']"
299,2,"['chicken', 'vegetable']"
300,2,"['mocha', 'marmite', 'milk_chocolate', 'bread', 'skimmed']"
301,2,['vegetable']
302,2,"['potato', 'carrot', 'boiled']"
303,2,"['biscuit', 'skimmed', 'milk_chocolate', 'onion', 'mocha']"
304,2,"['burger', 'potato_chip']"
305,2,"['carrot', 'melt', 'boiled']"
306,2,"['biscuit', 'peanut_butter', 'bread', 'mocha', 'skimmed']"
307,2,"['bread', 'mocha', 'tomato', 'sauce']"
308,2,"['mocha', 'cheese']"
309,2,"['skimmed', 'coke', 'biscuit']"
310,2,"['vegetable', 'wedge', 'onion']"
311,2,"['mocha', 'chicken', 'vegetable']"
312,2,"['marmite', 'biscuit', 'biscuit', 'bread', 'skimmed']"
313,2,['vegetable']
314,2,"['melt', 'swede', 'pea']"
315,2,"['mocha', 'skimmed', 'biscuit', 'egg']"
316,2,"['bread', 'vegetable']"
317,2,"['carrot', 'melt', 'boiled']"
318,2,"['cheese', 'marmite', 'bread', 'mocha', 'skimmed']"
319,2,"['hot_chocolate', 'strawberry']"
320,2,"['bread', 'bread', 'baked_bean', 'ketchup']"
321,2,"['potato', 'carrot']"
322,2,"['marmite', 'strawberry', 'cheese', 'bread', 'mocha', 'skimmed', 'biscuit']"
323,2,"['wedge', 'onion', 'bean']"
324,2,"['ketchup', 'bread']"
325,2,"['mocha', 'skimmed', 'biscuit']"
326,2,['banana']
327,2,"['tomato', 'bread', 'corn']"
328,2,"['ketchup', 'wedge', 'onion', 'bean']"
329,2,"['cheese', 'marmite', 'cappuccino', 'bread', 'skimmed']"
330,2,"['melt', 'carrot']"
331,2,"['cappuccino', 'mocha', 'bread', 'biscuit', 'skimmed']"
332,2,"['cheese', 'chicken']"
333,2,"['curry_powder', 'tomato', 'onion']"
334,2,"['marmite', 'fudge', 'corn', 'cheese', 'cappuccino', 'skimmed']"
335,2,"['potato', 'swede']"
336,2,['chicken']
337,2,"['mocha', 'skimmed', 'milk_chocolate', 'nut', 'biscuit']"
338,2,"['cappuccino', 'potato']"
339,2,"['ketchup', 'bread']"
340,2,"['cheese', 'skimmed', 'milk_chocolate', 'chicken', 'nut']"
341,2,"['hot_chocolate', 'strawberry']"
342,2,"['bread', 'bread', 'tomato', 'baked_bean']"
343,2,['vegetable']
344,2,"['skimmed', 'milk_chocolate', 'nut']"
345,2,['potato']
346,2,['vegetable']
347,2,"['cappuccino', 'skimmed', 'coconut_bar', 'egg', 'brownie']"
348,2,['banana']
349,2,"['curry_powder', 'tomato', 'onion', 'onion']"
350,2,"['cheese', 'chicken', 'tomato']"
351,2,"['marmite', 'peanut_butter', 'skimmed', 'bread', 'ketchup']"
352,2,"['bread', 'soup']"
353,2,"['chickpea', 'mint_sauce', 'carrot', 'onion', 'cauliflower']"
354,2,"['ketchup', 'wedge', 'onion', 'bean']"
355,2,"['chocolate', 'nut', 'tomato', 'skimmed']"
356,2,"['cheese', 'chicken', 'boiled']"
357,2,"['cheese', 'bread', 'marmite']"
358,2,"['potato', 'vegetable']"
359,2,"['mocha', 'chocolate', 'nut', 'skimmed']"
360,2,"['chicken', 'vegetable', 'bean']"
361,2,"['mashed_potato', 'garlic']"
362,2,"['mocha', 'chocolate', 'bagel', 'skimmed']"
363,2,"['bread', 'peanut_butter']"
364,2,"['bread', 'onion']"
365,2,['potato']
366,2,"['skimmed', 'bread', 'chocolate']"
367,2,"['curry_powder', 'tomato', 'wedge', 'lentil', 'onion']"
368,2,"['cauliflower', 'boiled']"
369,2,"['marmite', 'skimmed', 'bread', 'chocolate']"
370,2,['skimmed']
371,3,"['margarine', 'strawberry', 'whole_wheat']"
372,3,"['margarine', 'cabbage', 'cheddar_cheese', 'whole_wheat']"
373,3,"['margarine', 'corn', 'squash', 'grilled', 'beef']"
374,3,"['margarine', 'apple', 'squash']"
375,3,['beef']
376,3,"['margarine', 'popcorn', 'wine']"
377,3,"['oat', 'apple', 'blueberry']"
378,3,"['cheddar_cheese', 'beef']"
379,3,"['margarine', 'pancake', 'syrup', 'blueberry']"
380,3,['noodle']
381,3,"['cheese', 'beef', 'mint']"
382,3,"['apple', 'hot_chocolate']"
383,3,['fettuccine']
384,3,"['hot_chocolate', 'wrap']"
385,4,"['pumpkin', 'chocolate', 'soymilk']"
386,4,['coconut']
387,4,"['mozzarella_cheese', 'pizza']"
388,4,"['milk', 'cracker']"
389,4,"['chocolate', 'apple']"
390,4,"['cheese', 'sandwich']"
391,4,['cookie']
392,4,['banana']
393,4,['cracker']
394,4,['strawberry']
395,4,"['mozzarella_cheese', 'pizza', 'cracker', 'pizza', 'ham']"
396,4,['strawberry']
397,4,"['banana', 'mint', 'fruit']"
398,4,"['peanut_butter', 'strawberry', 'waffle']"
399,4,['sandwich']
400,4,['popcorn']
401,4,['cracker']
402,4,['french_fry']
403,4,['spice']
404,4,"['cracker', 'cookie']"
405,4,"['tomato', 'parmesan_cheese', 'grilled', 'caesar_dressing', 'vegetable']"
406,4,"['spice', 'peanut_butter']"
407,4,"['banana', 'banana']"
408,4,"['tortilla', 'mozzarella_cheese', 'tomato', 'taco', 'taco']"
409,4,"['cheese', 'vegetable']"
410,4,"['donut', 'cherry', 'cupcake']"
411,4,"['mozzarella_cheese', 'taco', 'salad', 'pizza', 'taco']"
412,4,['banana']
413,4,"['mozzarella_cheese', 'taco', 'salad', 'pizza', 'taco']"
414,4,['banana']
415,4,"['french_fry', 'sandwich']"
416,4,"['sirloin', 'bread', 'salad', 'baked_potato', 'ranch_dressing']"
417,4,['nacho']
418,4,"['popcorn', 'orange']"
419,4,['banana']
420,4,['mint']
421,4,"['peanut_butter', 'vanilla', 'raspberry', 'bread', 'grape']"
422,4,"['vanilla', 'banana']"
423,4,"['apple', 'salad', 'rice', 'banana']"
424,4,"['grilled', 'vegetable', 'banana']"
425,4,['carrot']
426,4,"['noodle', 'orange', 'potato']"
427,4,"['popcorn', 'banana']"
428,4,"['pecan_pie', 'banana']"
429,4,"['vanilla', 'banana']"
430,4,"['cracker', 'tomato', 'salad', 'grilled', 'lettuce']"
431,4,['banana']
432,4,"['popcorn', 'salad', 'apple', 'fudge', 'candy_cane', 'carrot']"
433,4,"['apple', 'banana']"
434,4,"['ranch', 'tomato', 'lettuce', 'cheddar_cheese', 'chicken']"
435,4,"['margarine', 'baked_potato', 'chicken']"
436,4,"['popcorn', 'fudge']"
437,4,['vanilla']
438,4,"['potato', 'cracker']"
439,4,"['cheese', 'peanut_butter', 'carrot']"
440,4,"['snicker', 'fudge', 'salad']"
441,4,['banana']
442,4,"['caesar_dressing', 'lettuce', 'tomato', 'chicken']"
443,4,"['mozzarella_cheese', 'pizza', 'spinach', 'pizza', 'ham']"
444,4,"['cherry', 'snicker', 'fudge']"
445,4,"['peanut_butter', 'bread', 'grape', 'apple']"
446,4,"['turkey', 'taco', 'salsa']"
447,4,"['popcorn', 'pear', 'cashew', 'cracker', 'fudge', 'vanilla']"
448,4,['yogurt']
449,4,"['ranch', 'strawberry', 'biscuit', 'cracker', 'boiled']"
450,4,"['banana', 'spinach', 'banana']"
451,4,"['margarine', 'bread']"
452,4,"['margarine', 'peanut_butter', 'grape', 'bread']"
453,4,['baked_potato']
454,4,['chocolate_milk']
455,4,"['cheese', 'bread', 'vegetable_oil']"
456,4,"['noodle', 'potato']"
457,4,['carrot']
458,5,"['banana', 'chocolate', 'whey', 'banana', 'nut', 'grape', 'almond']"
459,5,"['fish', 'chicken', 'reduced', 'bread', 'reduced']"
460,5,"['brownie', 'pasta']"
461,5,['ale']
462,5,"['banana', 'chocolate', 'whey', 'banana', 'nut', 'grape', 'almond']"
463,5,"['fish', 'fruit', 'pasta']"
464,5,"['hamburger', 'reduced']"
465,5,"['brownie', 'coconut', 'grape']"
466,5,"['banana', 'chocolate', 'whey', 'banana', 'nut', 'grape', 'almond']"
467,5,"['fish', 'chicken', 'fruit', 'bread', 'reduced']"
468,5,"['chicken', 'corn', 'risotto']"
469,5,"['whey', 'grape', 'almond']"
470,5,"['chocolate', 'whey', 'banana', 'nut', 'grape', 'almond']"
471,5,"['fish', 'chicken', 'fruit', 'risotto']"
472,5,"['new_york_strip', 'veggie', 'yogurt']"
473,5,"['coconut', 'brownie']"
474,5,"['chocolate', 'banana', 'banana', 'grape']"
475,5,"['new_york_strip', 'fish', 'fruit']"
476,5,"['chicken', 'yogurt', 'potato']"
477,5,"['ginger', 'brownie', 'almond']"
478,5,"['milk', 'banana', 'chocolate', 'whey', 'banana', 'nut', 'grape']"
479,5,"['fish', 'corn', 'fruit', 'potato', 'chicken']"
480,5,"['steak_fry', 'lamb']"
481,5,"['ale', 'grape', 'brownie']"
482,5,"['banana', 'milk', 'whey', 'banana', 'chocolate']"
483,5,"['fish', 'chicken', 'fruit', 'steak_fry']"
484,5,"['hamburger', 'reduced']"
485,5,"['ale', 'coconut', 'brownie']"
486,5,"['milk', 'banana', 'chocolate', 'whey', 'banana', 'nut']"
487,5,"['fish', 'chicken', 'reduced', 'bread', 'reduced']"
488,5,"['sirloin', 'veggie', 'yogurt']"
489,5,"['ginger', 'ale', 'almond']"
490,5,"['milk', 'banana', 'chocolate', 'whey', 'banana', 'nut', 'grape']"
491,5,"['bread', 'reduced', 'fish', 'chicken', 'reduced', 'fruit']"
492,5,"['carrot', 'pork']"
493,5,"['grape', 'brownie']"
494,5,"['banana', 'chocolate', 'whey', 'banana', 'nut', 'grape', 'almond_milk']"
495,5,"['fish', 'carrot', 'pork', 'fruit']"
496,5,"['chicken', 'risotto']"
497,5,['grape']
498,5,"['banana', 'chocolate', 'whey', 'banana', 'nut', 'grape', 'almond_milk']"
499,5,"['fish', 'chicken', 'fruit', 'risotto']"
500,5,"['new_york_strip', 'veggie', 'yogurt']"
501,5,"['ale', 'grape', 'brownie']"
502,5,"['banana', 'chocolate', 'whey', 'banana', 'nut', 'almond_milk']"
503,5,"['fish', 'bread', 'salad']"
504,5,"['hamburger', 'reduced']"
505,5,"['brownie', 'nut', 'peach', 'grape']"
506,5,"['banana', 'chocolate', 'whey', 'banana', 'nut', 'grape', 'almond_milk']"
507,5,"['fish', 'bread', 'salad', 'fruit']"
508,5,"['bread', 'salad', 'almond_milk']"
509,5,"['whey', 'almond_milk', 'coconut', 'brownie']"
510,5,"['banana', 'chocolate', 'banana', 'nut', 'grape', 'almond_milk']"
511,5,"['fish', 'bread', 'salad', 'reduced']"
512,5,"['sirloin', 'carrot']"
513,5,['coconut']
514,5,"['banana', 'chocolate', 'whey', 'banana', 'nut', 'grape', 'almond_milk']"
515,5,"['fish', 'bread', 'salad', 'reduced']"
516,5,"['bread', 'egg', 'whipped']"
517,5,"['banana', 'chocolate', 'whey', 'banana', 'nut', 'grape', 'almond_milk']"
518,5,"['fish', 'bread', 'salad', 'fruit', 'reduced']"
519,5,['pasta']
520,5,"['coconut', 'brownie']"
521,5,"['banana', 'chocolate', 'whey', 'banana', 'nut', 'grape', 'almond_milk']"
522,5,"['fish', 'fruit', 'pasta']"
523,5,"['new_york_strip', 'potato']"
524,5,"['grape', 'brownie']"
525,5,"['banana', 'chocolate', 'whey', 'banana', 'nut', 'grape', 'almond_milk']"
526,5,"['new_york_strip', 'fish', 'fruit', 'potato', 'green_bean']"
527,5,"['chicken', 'risotto']"
528,5,"['ginger', 'grape', 'brownie']"
529,5,"['banana', 'chocolate', 'banana', 'nut', 'grape', 'almond_milk']"
530,5,"['fish', 'chicken', 'risotto']"
531,5,"['chicken', 'risotto']"
532,5,['ale']
533,5,"['banana', 'chocolate', 'whey', 'banana', 'nut', 'grape', 'almond_milk']"
534,5,"['fish', 'chicken', 'fruit', 'pasta']"
535,5,"['cheese', 'bread', 'egg', 'whipped']"
536,5,"['rice', 'almond_milk', 'grape', 'brownie']"
537,5,"['banana', 'chocolate', 'whey', 'banana', 'nut', 'grape', 'almond_milk']"
538,5,"['fish', 'bread', 'salad', 'reduced']"
539,5,['chicken']
540,5,['coconut']
541,5,"['sandwich', 'banana', 'chocolate', 'whey', 'banana', 'nut', 'grape', 'almond_milk', 'whipped']"
542,5,"['fish', 'bread', 'salad', 'reduced']"
543,5,"['pork', 'potato', 'green_bean']"
544,5,['brownie']
545,5,"['banana', 'chocolate', 'whey', 'banana', 'nut', 'grape', 'almond_milk']"
546,5,"['pork', 'yogurt', 'fish', 'fruit', 'potato', 'green_bean']"
547,5,"['chicken', 'risotto']"
548,5,"['ginger', 'brownie', 'coconut', 'grape']"
549,5,"['banana', 'chocolate', 'whey', 'banana', 'nut', 'grape', 'almond_milk']"
550,5,"['fish', 'chicken', 'fruit', 'risotto']"
551,5,['meat']
552,5,"['rice', 'almond_milk', 'grape', 'brownie']"
553,5,"['banana', 'chocolate', 'whey', 'banana', 'nut', 'grape', 'almond_milk']"
554,5,"['fish', 'meat']"
555,5,"['new_york_strip', 'veggie', 'yogurt']"
556,5,"['ale', 'brownie']"
557,5,"['banana', 'chocolate', 'whey', 'banana', 'nut', 'grape', 'almond_milk']"
558,5,"['fish', 'salad', 'fruit', 'reduced']"
559,5,['pasta']
560,5,"['brownie', 'coconut', 'grape']"
561,5,"['banana', 'chocolate', 'whey', 'banana', 'nut', 'grape', 'almond_milk']"
562,5,"['new_york_strip', 'fish', 'fruit']"
563,5,"['steak_fry', 'chicken', 'risotto']"
564,5,"['ale', 'peach']"
565,5,"['sandwich', 'chocolate', 'whey', 'banana', 'grape', 'almond_milk', 'whipped']"
566,5,"['fish', 'bread', 'salad', 'reduced']"
567,5,['pasta']
568,5,"['whey', 'almond_milk']"
569,5,"['banana', 'chocolate', 'whey', 'banana', 'nut', 'grape', 'almond_milk']"
570,5,"['fish', 'bread', 'salad', 'reduced']"
571,5,"['chicken', 'bacon', 'risotto']"
572,5,['coconut']
573,5,"['banana', 'chocolate', 'whey', 'banana', 'nut', 'grape', 'almond_milk']"
574,5,"['fish', 'risotto', 'bacon', 'chicken', 'fruit']"
575,5,"['hamburger', 'reduced']"
576,5,"['grape', 'brownie']"
577,5,"['banana', 'chocolate', 'whey', 'banana', 'nut', 'grape', 'almond_milk']"
578,5,"['chicken', 'yogurt', 'bacon', 'veggie', 'fruit']"
579,5,['pasta']
580,5,"['grape', 'brownie']"
581,5,"['banana', 'chocolate', 'whey', 'banana', 'nut', 'grape', 'almond_milk']"
582,5,['pasta']
583,5,"['chicken', 'veggie', 'yogurt']"
584,5,"['brownie', 'coconut', 'grape']"
585,5,"['banana', 'chocolate', 'whey', 'banana', 'nut', 'grape', 'almond_milk']"
586,5,"['fish', 'bread', 'salad', 'fruit', 'reduced']"
587,5,"['bread', 'egg', 'whipped']"
588,5,"['grape', 'brownie']"
589,5,"['banana', 'chocolate', 'whey', 'banana', 'nut', 'grape', 'almond_milk']"
590,5,"['fish', 'bread', 'salad', 'reduced']"
591,5,"['chicken', 'potato']"
592,5,"['brownie', 'coconut', 'grape']"
593,5,"['egg', 'fruit', 'banana', 'chicken', 'potato', 'almond_milk']"
594,5,"['fish', 'bread', 'salad', 'reduced']"
595,5,"['ale', 'coconut']"
596,5,"['chicken', 'banana', 'banana', 'potato', 'fruit']"
597,5,"['bread', 'chicken', 'reduced']"
598,5,"['egg', 'whey', 'bread', 'potato', 'almond_milk', 'whipped']"
599,5,"['grape', 'brownie']"
600,5,"['banana', 'chocolate', 'whey', 'banana', 'nut', 'grape', 'almond_milk']"
601,5,"['fish', 'bread', 'salad', 'fruit', 'reduced']"
602,5,"['rib_eye', 'whey', 'yogurt', 'almond_milk', 'veggie']"
603,5,"['grape', 'brownie']"
604,5,"['chocolate', 'whey', 'banana', 'nut', 'grape', 'almond_milk']"
605,5,"['fish', 'fruit', 'pasta']"
606,5,"['pork', 'risotto']"
607,5,"['whey', 'ginger', 'almond_milk', 'grape', 'brownie']"
608,5,"['banana', 'chocolate', 'whey', 'banana', 'nut', 'grape', 'almond_milk']"
609,5,"['fish', 'pork', 'fruit', 'pasta']"
610,5,"['yogurt', 'chicken', 'potato']"
611,5,"['grape', 'brownie']"
612,5,"['banana', 'chocolate', 'whey', 'banana', 'nut', 'grape', 'almond_milk']"
613,5,"['fish', 'chicken', 'fruit', 'potato']"
614,5,"['hamburger', 'reduced']"
615,5,"['grape', 'brownie']"
616,5,"['banana', 'chocolate', 'whey', 'banana', 'nut', 'grape', 'almond_milk']"
617,5,"['fish', 'bread', 'salad', 'fruit', 'reduced']"
618,5,"['new_york_strip', 'chicken', 'yogurt', 'veggie']"
619,5,"['ginger', 'grape', 'brownie']"
620,5,"['banana', 'chocolate', 'whey', 'banana', 'nut', 'grape', 'almond_milk']"
621,5,"['fish', 'bread', 'salad', 'fruit', 'reduced']"
622,5,"['new_york_strip', 'veggie', 'yogurt', 'pig']"
623,5,"['banana', 'chocolate', 'whey', 'banana', 'nut', 'almond_milk']"
624,5,"['chicken', 'reduced', 'bread', 'reduced']"
625,5,['meat']
626,5,['coconut']
627,5,"['banana', 'chocolate', 'whey', 'banana', 'nut', 'almond_milk']"
628,5,"['fish', 'meat', 'fruit']"
629,5,"['pork', 'risotto']"
630,5,['ginger']
631,5,"['banana', 'chocolate', 'whey', 'banana', 'nut', 'almond_milk']"
632,5,"['fish', 'pork', 'fruit', 'risotto']"
633,5,"['whey', 'almond_milk', 'pasta']"
634,5,"['pear', 'grape', 'brownie']"
635,5,"['banana', 'chocolate', 'whey', 'banana', 'nut', 'almond_milk']"
636,5,"['fruit', 'pasta']"
637,5,"['bread', 'egg', 'whipped']"
638,5,"['pear', 'brownie', 'coconut', 'grape']"
639,5,"['banana', 'chocolate', 'whey', 'banana', 'nut', 'almond_milk']"
640,5,"['fish', 'pork', 'fruit', 'pasta']"
641,5,"['new_york_strip', 'veggie', 'yogurt', 'potato']"
642,5,"['banana', 'brownie']"
643,5,"['banana', 'chocolate', 'whey', 'banana', 'nut', 'almond_milk']"
644,5,"['new_york_strip', 'fish', 'fruit', 'potato']"
645,5,"['pork', 'risotto']"
646,5,"['grape', 'brownie']"
647,5,"['banana', 'chocolate', 'whey', 'banana', 'nut', 'almond_milk']"
648,5,"['fish', 'pork', 'fruit', 'risotto']"
649,5,"['whey', 'almond_milk', 'syrup']"
650,5,['sage']
651,5,"['banana', 'chocolate', 'whey', 'banana', 'nut', 'almond_milk']"
652,5,"['fish', 'mayonnaise', 'chicken', 'reduced']"
653,5,"['veggie', 'yogurt', 'pasta']"
654,5,"['coconut', 'rice']"
655,5,"['banana', 'chocolate', 'whey', 'banana', 'nut', 'grape', 'almond_milk']"
656,5,"['fish', 'chicken', 'fruit', 'mayonnaise', 'reduced']"
657,5,"['new_york_strip', 'veggie', 'yogurt', 'potato']"
658,5,"['pear', 'brownie']"
659,5,"['banana', 'chocolate', 'whey', 'banana', 'nut', 'almond_milk']"
660,5,"['new_york_strip', 'fruit', 'potato']"
661,5,"['whey', 'almond_milk', 'pasta']"
662,5,"['grape', 'brownie']"
663,5,"['banana', 'chocolate', 'whey', 'banana', 'nut', 'almond_milk']"
664,5,"['fruit', 'pasta']"
665,5,"['honey', 'chicken', 'risotto']"
666,5,"['ginger', 'coconut']"
667,5,"['banana', 'chocolate', 'whey', 'banana', 'nut', 'almond_milk']"
668,5,"['yogurt', 'fruit', 'fish', 'chicken', 'risotto', 'veggie']"
669,5,['turkey']
670,5,"['pear', 'grape', 'brownie']"
671,5,"['banana', 'chocolate', 'whey', 'banana', 'nut', 'almond_milk']"
672,5,"['turkey', 'fruit', 'pasta']"
673,5,['turkey']
674,5,"['pear', 'brownie', 'coconut', 'grape']"
675,5,"['sandwich', 'banana', 'whipped']"
676,5,"['chicken', 'bread', 'reduced']"
677,5,"['chicken', 'yogurt']"
678,5,['pear']
679,5,"['bread', 'whey', 'banana', 'almond_milk', 'whipped']"
680,5,"['fish', 'chicken', 'salad', 'bread', 'reduced']"
681,5,"['pork', 'potato']"
682,5,"['chocolate', 'grape']"
683,5,"['milk', 'banana', 'chocolate', 'whey', 'banana', 'nut', 'almond_milk']"
684,5,"['fish', 'pork', 'fruit', 'potato']"
685,5,"['honey', 'chicken', 'risotto']"
686,5,"['rice', 'grape', 'brownie']"
687,5,"['banana', 'chocolate', 'whey', 'banana', 'nut', 'almond_milk']"
688,5,"['fish', 'chicken', 'fruit', 'risotto']"
689,5,['meat']
690,5,"['grape', 'brownie']"
691,5,"['banana', 'flax', 'whey', 'banana', 'nut', 'chocolate', 'almond_milk']"
692,5,['meat']
693,5,"['bread', 'egg', 'whipped']"
694,5,['pear']
695,5,"['banana', 'flax', 'whey', 'banana', 'chocolate', 'almond_milk']"
696,5,"['fish', 'chicken', 'fruit', 'bread', 'reduced']"
697,5,"['new_york_strip', 'veggie', 'yogurt']"
698,5,"['grape', 'brownie']"
699,5,"['banana', 'flax', 'whey', 'banana', 'chocolate', 'almond_milk']"
700,5,"['new_york_strip', 'fish', 'fruit', 'potato']"
701,5,"['syrup', 'whipped']"
702,5,"['grape', 'brownie']"
703,5,"['banana', 'flax', 'whey', 'banana', 'fruit', 'chocolate', 'almond_milk']"
704,5,"['chicken', 'bread', 'reduced']"
705,5,"['chicken', 'veggie', 'yogurt']"
706,5,['ale']
707,5,"['flax', 'whey', 'almond_milk']"
708,5,['fish']
709,5,"['whey', 'almond_milk', 'pasta']"
710,5,"['chocolate', 'brownie', 'peach', 'grape']"
711,5,"['banana', 'flax', 'whey', 'banana', 'chocolate', 'almond_milk']"
712,5,"['fish', 'fruit', 'pasta']"
713,5,"['pork', 'risotto']"
714,5,"['chocolate', 'pear', 'grape', 'brownie']"
715,5,"['banana', 'flax', 'whey', 'banana', 'chocolate', 'almond_milk']"
716,5,"['fish', 'pork', 'fruit', 'risotto']"
717,5,"['chicken', 'potato']"
718,5,"['pear', 'grape', 'brownie']"
719,5,"['banana', 'flax', 'whey', 'banana', 'chocolate', 'almond_milk']"
720,5,"['fish', 'chicken', 'fruit', 'pasta']"
721,5,"['veggie', 'yogurt', 'rib_eye']"
722,5,"['pear', 'grape', 'brownie']"
723,5,"['banana', 'flax', 'whey', 'banana', 'chocolate', 'almond_milk']"
724,5,"['fish', 'pork', 'fruit', 'rib_eye', 'risotto']"
725,5,"['bread', 'whey', 'almond_milk', 'egg', 'whipped']"
726,5,"['pear', 'grape', 'brownie']"
727,5,"['flax', 'whey', 'almond_milk']"
728,5,"['chicken', 'veggie', 'yogurt']"
729,5,"['honey', 'chicken', 'potato']"
730,5,"['pear', 'ale', 'grape', 'brownie']"
731,5,"['banana', 'flax', 'whey', 'banana', 'chocolate', 'almond_milk']"
732,5,"['whey', 'fruit', 'almond_milk', 'pork', 'risotto']"
733,5,['pasta']
734,5,"['chicken', 'mayonnaise', 'bread', 'reduced']"
735,5,"['banana', 'flax', 'whey', 'banana', 'chocolate', 'almond_milk']"
736,5,"['chicken', 'mayonnaise', 'bread', 'reduced']"
737,5,"['pork', 'risotto']"
738,5,['ale']
739,5,"['flax', 'banana', 'banana', 'chocolate']"
740,5,"['spaghetti', 'fruit']"
741,5,"['pork', 'risotto', 'green_bean']"
742,5,"['pear', 'grape', 'brownie']"
743,5,"['banana', 'flax', 'whey', 'banana', 'chocolate', 'almond_milk']"
744,5,"['risotto', 'pork', 'fruit', 'green_bean']"
745,5,"['bread', 'egg', 'whipped']"
746,5,"['grape', 'brownie']"
747,5,"['flax', 'whey', 'banana', 'almond_milk', 'chocolate']"
748,5,"['bread', 'reduced', 'fish', 'chicken', 'fruit', 'mayonnaise']"
749,5,"['spaghetti', 'fruit']"
750,5,"['pear', 'nut', 'brownie']"
751,5,"['flax', 'banana', 'banana', 'nut', 'grape']"
752,5,"['bread', 'reduced', 'fish', 'chicken', 'fruit', 'mayonnaise']"
753,5,['rotisserie']
754,5,['ale']
755,5,"['chocolate', 'whey', 'banana', 'welsh_cake', 'grape', 'almond_milk']"
756,5,"['fish', 'chicken', 'mayonnaise', 'bread', 'reduced']"
757,5,"['pork', 'rotisserie']"
758,5,"['pear', 'flax', 'whey', 'banana', 'chocolate', 'almond_milk']"
759,5,"['fish', 'chicken', 'fruit', 'bread', 'mayonnaise']"
760,5,"['new_york_strip', 'carrot', 'potato']"
761,5,"['brownie', 'ale', 'pumpkin_pie', 'grape']"
762,5,"['pear', 'flax', 'whey', 'banana', 'chocolate', 'almond_milk']"
763,5,"['new_york_strip', 'fish', 'apple_pie', 'potato', 'carrot']"
764,5,"['chicken', 'risotto']"
765,5,"['banana', 'flax', 'whey', 'banana', 'chocolate', 'almond_milk']"
766,5,"['fish', 'chicken', 'fruit', 'risotto']"
767,5,"['whey', 'almond_milk', 'syrup']"
768,5,"['grape', 'brownie']"
769,5,"['banana', 'flax', 'whey', 'banana', 'chocolate', 'almond_milk']"
770,5,"['chicken', 'fruit', 'risotto']"
771,5,"['apple_pie', 'pork', 'green_bean']"
772,5,"['brownie', 'coconut', 'grape']"
773,5,"['banana', 'chocolate', 'whey', 'banana', 'nut', 'almond_milk']"
774,5,"['apple_pie', 'pork', 'green_bean']"
775,5,['meat']
776,5,['peach']
777,5,"['banana', 'flax', 'whey', 'banana', 'chocolate', 'almond_milk']"
778,5,"['meat', 'fruit']"
779,5,"['chicken', 'potato']"
780,5,"['ginger', 'grape', 'brownie']"
781,5,"['flax', 'whey', 'banana', 'almond_milk', 'chocolate']"
782,5,"['chicken', 'fruit', 'potato']"
783,5,"['cheese', 'bread', 'egg', 'whipped']"
784,5,"['rice', 'milk', 'grape', 'brownie']"
785,5,"['banana', 'chocolate', 'whey', 'banana', 'fruit', 'almond_milk']"
786,5,"['chicken', 'mayonnaise', 'bread', 'reduced']"
787,5,"['pork', 'chicken', 'potato']"
788,5,['brownie']
789,5,"['banana', 'flax', 'whey', 'banana', 'chocolate', 'almond_milk']"
790,5,"['chicken', 'mayonnaise', 'bread', 'reduced']"
791,5,['pasta']
792,5,"['brownie', 'bock']"
793,5,"['banana', 'flax', 'whey', 'banana', 'chocolate', 'almond_milk']"
794,5,"['fruit', 'pasta']"
795,5,"['chicken', 'veggie', 'yogurt']"
796,5,"['casein', 'ginger', 'grape', 'brownie']"
797,5,"['banana', 'flax', 'whey', 'banana', 'chocolate', 'almond_milk']"
798,5,"['fish', 'chicken', 'fruit', 'pasta']"
799,5,"['pork', 'risotto', 'green_bean']"
800,5,"['ale', 'bock']"
801,5,"['banana', 'flax', 'whey', 'banana', 'chocolate', 'almond_milk']"
802,5,"['fish', 'risotto', 'pork', 'fruit', 'green_bean']"
803,5,"['cheese', 'bread', 'egg', 'whipped']"
804,5,"['casein', 'pear', 'ginger']"
805,5,"['banana', 'flax', 'whey', 'banana', 'chocolate', 'almond_milk']"
806,5,"['fish', 'risotto', 'fruit', 'chicken', 'green_bean']"
807,5,"['new_york_strip', 'veggie', 'yogurt']"
808,5,"['pear', 'grape', 'brownie']"
809,5,"['banana', 'flax', 'whey', 'banana', 'chocolate', 'almond_milk']"
810,5,"['new_york_strip', 'fish', 'yogurt', 'veggie']"
811,5,"['cheese', 'hamburger', 'reduced']"
812,5,"['ale', 'grape', 'brownie']"
813,5,"['banana', 'flax', 'whey', 'banana', 'chocolate', 'almond_milk']"
814,5,"['fish', 'bread', 'salad', 'reduced']"
815,5,"['burger', 'sweet_potato']"
816,5,"['ale', 'grape', 'brownie']"
817,5,"['flax', 'whey', 'almond_milk']"
818,5,"['fish', 'chicken', 'mayonnaise', 'bread', 'reduced']"
819,5,"['chicken', 'risotto']"
820,5,"['ale', 'bock']"
821,5,"['banana', 'flax', 'whey', 'banana', 'chocolate', 'almond_milk']"
822,5,"['fish', 'chicken', 'fruit', 'risotto']"
823,5,"['whey', 'almond_milk']"
824,5,['grape']
825,5,"['banana', 'flax', 'whey', 'banana', 'chocolate', 'almond_milk']"
826,5,"['chicken', 'cocktail', 'fruit', 'shrimp', 'risotto']"
827,5,"['bread', 'egg', 'whipped']"
828,5,"['rice', 'milk', 'ale', 'grape', 'brownie']"
829,5,"['banana', 'chocolate', 'whey', 'banana', 'muffin', 'almond_milk']"
830,5,"['chicken', 'fruit', 'bread', 'mayonnaise', 'reduced']"
831,5,"['rotisserie', 'potato']"
832,5,"['casein', 'milk', 'grape', 'brownie']"
833,5,"['banana', 'flax', 'whey', 'banana', 'chocolate', 'almond_milk']"
834,5,"['rotisserie', 'potato']"
835,5,['pasta']
836,5,"['pear', 'brownie', 'coconut', 'grape']"
837,5,"['banana', 'flax', 'whey', 'banana', 'chocolate', 'almond_milk']"
838,5,"['fish', 'fruit', 'pasta']"
839,5,"['ginger', 'coconut']"
840,5,"['chocolate', 'banana', 'banana', 'almond_milk', 'whey']"
841,5,"['chicken', 'fruit', 'bread', 'mayonnaise', 'reduced']"
842,5,['chicken']
843,5,"['brownie', 'coconut', 'grape']"
844,5,"['chocolate', 'banana', 'banana', 'almond_milk', 'whey']"
845,5,"['chicken', 'mayonnaise', 'bread', 'reduced']"
846,5,"['cheese', 'hamburger', 'reduced']"
847,5,"['banana', 'flax', 'whey', 'banana', 'chocolate', 'almond_milk']"
848,5,"['fish', 'fruit', 'pasta']"
849,5,"['pork', 'risotto']"
850,5,"['brownie', 'coconut', 'grape']"
851,5,"['banana', 'chocolate', 'whey', 'banana', 'bread', 'almond_milk', 'whipped']"
852,5,"['pork', 'risotto']"
853,5,"['bread', 'egg', 'whipped', 'reduced']"
854,5,"['casein', 'milk', 'grape', 'brownie']"
855,5,"['banana', 'flax', 'whey', 'banana', 'chocolate', 'almond_milk']"
856,5,"['pork', 'fruit', 'risotto']"
857,5,"['swordfish', 'green_bean']"
858,5,"['ale', 'bock']"
859,5,"['chocolate', 'banana', 'banana', 'almond_milk', 'whey']"
860,5,"['casein', 'milk', 'ale']"
861,5,"['banana', 'whey', 'banana', 'welsh_cake', 'grape', 'almond_milk']"
862,5,"['swordfish', 'green_bean']"
863,5,"['veggie', 'yogurt', 'grilled']"
864,5,['ale']
865,5,"['sandwich', 'banana', 'chocolate', 'whey', 'banana', 'almond_milk', 'whipped']"
866,5,"['chicken', 'mayonnaise', 'bread', 'reduced']"
867,5,"['veggie', 'pork', 'yogurt']"
868,5,"['casein', 'milk', 'pear']"
869,5,"['sandwich', 'banana', 'egg', 'chocolate', 'whey', 'potato', 'almond_milk', 'whipped']"
870,5,['pasta']
871,5,"['ale', 'brownie']"
872,5,"['banana', 'flax', 'whey', 'banana', 'chocolate', 'almond_milk']"
873,5,"['fish', 'fruit', 'pasta']"
874,5,"['chicken', 'risotto']"
875,5,"['casein', 'milk', 'ginger', 'grape', 'brownie']"
876,5,"['banana', 'flax', 'whey', 'banana', 'chocolate', 'almond_milk']"
877,5,"['fish', 'chicken', 'fruit', 'risotto']"
878,5,"['cheese', 'bread', 'chicken', 'egg', 'whipped']"
879,5,"['brownie', 'coconut', 'grape']"
880,5,"['banana', 'rice', 'chocolate', 'whey', 'banana', 'almond_milk']"
881,5,"['chicken', 'fruit', 'risotto']"
882,5,['coconut']
883,5,"['whey', 'almond_milk', 'rice']"
884,5,"['chicken', 'mayonnaise', 'bread', 'reduced']"
885,5,"['whey', 'almond_milk', 'whipped']"
886,5,"['ginger', 'brownie']"
887,5,"['banana', 'rice', 'chocolate', 'whey', 'banana', 'almond_milk']"
888,5,"['fruit', 'pasta']"
889,5,['meat']
890,5,"['rice', 'milk', 'grape', 'brownie']"
891,5,"['banana', 'chocolate', 'whey', 'banana', 'grape', 'almond_milk']"
892,5,"['chicken', 'mayonnaise', 'bread', 'reduced']"
893,5,['meat']
894,5,"['ginger', 'ale']"
895,5,"['sandwich', 'chocolate', 'whey', 'banana', 'fruit', 'almond_milk', 'whipped']"
896,5,"['meatball', 'rice']"
897,5,"['ale', 'peach']"
898,5,"['banana', 'rice', 'chocolate', 'whey', 'banana', 'almond_milk']"
899,5,"['meatball', 'rice']"
900,5,"['pork', 'potato']"
901,5,"['pear', 'grape', 'brownie', 'casein', 'ginger', 'almond_milk']"
902,5,"['banana', 'rice', 'chocolate', 'whey', 'banana', 'almond_milk']"
903,5,"['pork', 'fruit', 'potato']"
904,5,"['cheese', 'bread', 'egg']"
905,5,"['casein', 'ginger', 'almond_milk', 'grape', 'brownie']"
906,5,"['banana', 'rice', 'chocolate', 'whey', 'banana', 'almond_milk']"
907,5,"['chicken', 'fruit', 'bread', 'mayonnaise', 'reduced']"
908,5,"['veggie', 'yogurt', 'grilled']"
909,5,"['grape', 'brownie']"
910,5,"['banana', 'rice', 'chocolate', 'whey', 'banana', 'almond_milk']"
911,5,"['chicken', 'veggie', 'yogurt', 'fruit']"
912,5,"['syrup', 'whipped']"
913,5,"['pear', 'grape', 'brownie']"
914,5,"['banana', 'rice', 'chocolate', 'whey', 'banana', 'almond_milk']"
915,5,"['new_york_strip', 'fruit', 'risotto']"
916,5,"['hamburger', 'reduced']"
917,5,"['grape', 'brownie']"
918,5,"['banana', 'rice', 'chocolate', 'whey', 'banana', 'almond_milk']"
919,5,"['bread', 'shrimp', 'reduced', 'chicken', 'cocktail', 'mayonnaise']"
920,5,"['veggie', 'rotisserie', 'yogurt']"
921,5,"['pear', 'ale', 'grape', 'brownie']"
922,5,"['banana', 'rice', 'chocolate', 'whey', 'banana', 'almond_milk']"
923,5,"['chicken', 'mayonnaise', 'bread', 'reduced']"
924,5,['pasta']
925,5,['ale']
926,5,"['banana', 'rice', 'chocolate', 'whey', 'banana', 'almond_milk']"
927,5,"['fruit', 'pasta']"
928,5,"['veggie', 'pork', 'yogurt', 'cut']"
929,5,"['grape', 'brownie']"
930,5,"['banana', 'rice', 'chocolate', 'whey', 'banana', 'almond_milk']"
931,5,"['pork', 'fruit', 'risotto']"
932,5,"['fish', 'honey', 'chicken', 'potato']"
933,5,"['pear', 'grape', 'brownie']"
934,5,"['banana', 'rice', 'chocolate', 'whey', 'banana', 'almond_milk']"
935,5,"['honey', 'chicken', 'potato']"
936,5,"['fish', 'pasta']"
937,5,"['pear', 'brownie', 'coconut', 'grape']"
938,5,"['banana', 'banana', 'almond_milk', 'whey', 'rice']"
939,5,"['chicken', 'fruit', 'risotto']"
940,5,"['fish', 'hamburger', 'whipped', 'reduced']"
941,5,"['pear', 'grape', 'brownie']"
942,5,"['banana', 'rice', 'chocolate', 'whey', 'banana', 'almond_milk']"
943,5,['pasta']
944,5,"['rice', 'milk', 'grape']"
945,5,"['chocolate', 'banana', 'banana', 'whipped', 'bread']"
946,5,"['bread', 'salad', 'reduced']"
947,5,['egg']
948,5,"['banana', 'rice', 'chocolate', 'whey', 'banana', 'almond_milk']"
949,5,"['chicken', 'rotisserie', 'potato']"
950,5,"['irish_cream', 'kahlua', 'almond_milk', 'casein', 'milk']"
951,5,"['banana', 'egg', 'whey', 'bread', 'almond_milk', 'whipped']"
952,5,"['chicken', 'bacon']"
953,5,"['casein', 'chocolate', 'ginger', 'almond_milk', 'grape']"
954,5,"['banana', 'rice', 'chocolate', 'whey', 'banana', 'almond_milk']"
955,5,"['chicken', 'fruit', 'bread', 'mayonnaise', 'reduced']"
956,5,"['fish', 'pork', 'pasta']"
957,5,"['casein', 'pear', 'ginger', 'almond_milk', 'grape']"
958,5,"['banana', 'rice', 'chocolate', 'whey', 'banana', 'almond_milk']"
959,5,"['pork', 'fruit', 'pasta']"
960,5,"['fish', 'cheese', 'egg', 'whipped', 'bread']"
961,5,"['casein', 'pear', 'ale', 'almond_milk']"
962,5,"['banana', 'rice', 'chocolate', 'whey', 'banana', 'almond_milk']"
963,5,"['chicken', 'fruit']"
964,5,['pasta']
965,5,"['pear', 'chocolate', 'grape', 'casein', 'ale', 'almond_milk']"
966,5,"['banana', 'rice', 'chocolate', 'whey', 'banana', 'almond_milk']"
967,5,"['fruit', 'pasta']"
968,5,"['new_york_strip', 'fish', 'yogurt', 'veggie']"
969,5,"['casein', 'chocolate', 'ginger', 'almond_milk', 'grape']"
970,5,"['banana', 'rice', 'chocolate', 'whey', 'banana', 'almond_milk']"
971,5,"['chicken', 'fruit', 'bread', 'mayonnaise']"
972,5,"['cheese', 'bread', 'egg', 'whipped']"
973,5,"['chocolate', 'grape', 'pear']"
974,5,"['sandwich', 'whey', 'almond_milk', 'grape', 'whipped']"
975,5,"['chicken', 'mayonnaise', 'bread', 'reduced']"
976,5,"['swordfish', 'green_bean']"
977,5,"['casein', 'chocolate', 'ale', 'almond_milk']"
978,5,"['banana', 'rice', 'chocolate', 'whey', 'banana', 'almond_milk']"
979,5,"['fruit', 'potato', 'swordfish', 'green_bean']"
980,5,['meat']
981,5,"['rice', 'milk', 'pear', 'grape', 'chocolate']"
982,5,"['banana', 'rice', 'chocolate', 'whey', 'banana', 'almond_milk']"
983,5,"['fruit', 'pasta']"
984,5,"['meat', 'fruit']"
985,5,"['chocolate', 'banana', 'grape']"
986,5,"['banana', 'rice', 'chocolate', 'whey', 'banana', 'almond_milk']"
987,5,"['bread', 'salad', 'fruit', 'reduced']"
988,5,"['fish', 'pork', 'risotto']"
989,5,"['ale', 'grape']"
990,5,"['banana', 'rice', 'chocolate', 'whey', 'banana', 'almond_milk']"
991,5,"['pork', 'fruit', 'risotto']"
992,5,"['chicken', 'potato']"
993,5,"['casein', 'ginger', 'almond_milk', 'grape', 'brownie']"
994,5,"['banana', 'rice', 'chocolate', 'whey', 'banana', 'almond_milk']"
995,5,"['bread', 'salad', 'fruit', 'reduced']"
996,5,"['fish', 'pasta']"
997,5,['grape']
998,5,"['sandwich', 'whey', 'banana', 'grape', 'casein', 'almond_milk', 'whipped']"
999,5,"['chicken', 'fruit', 'bread', 'mayonnaise', 'reduced']"
